{"cameraMode":{"drawMode":0,"name":"Shaded","section":"Shading Mode"},"sceneLighting":true,"audioPlay":false,"sceneViewState":{"m_AlwaysRefresh":false,"showFog":true,"showSkybox":true,"showFlares":true,"showImageEffects":true,"showParticleSystems":true,"showVisualEffectGraphs":true,"m_FxEnabled":true},"in2DMode":false,"pivot":{"x":-0.000010023718459706288,"y":2.949998378753662,"z":-0.00000948612159845652},"rotation":{"x":-0.01797119900584221,"y":0.05426070839166641,"z":-0.0009884015889838338,"w":-0.9983807802200317},"size":10.13520336151123,"orthographic":true}